date,price,market_cap,volume
2024-04-03 00:00:00,0.004948763261914998,39007566.100351654,1600082.5501156172
2024-04-04 00:00:00,0.004988035420070621,39256312.004987255,1583574.1812497634
2024-04-05 00:00:00,0.005146452112749412,40503846.40434196,1399713.205016868
2024-04-06 00:00:00,0.005055618405863647,39764935.25494963,1448442.489350613
2024-04-07 00:00:00,0.005037374187266257,39489328.544920705,1051739.0139464317
2024-04-08 00:00:00,0.0049668776673902825,39134341.938403785,1009752.5096485497
2024-04-09 00:00:00,0.0050208007888536054,39505416.2192164,1228173.7744775305
2024-04-10 00:00:00,0.0049424058035412895,38867879.63988304,1464425.4437730147
2024-04-11 00:00:00,0.005122377472473648,40289630.89153151,1425708.473064644
2024-04-12 00:00:00,0.0050107125068199615,39325416.96201429,1258056.8790814714
2024-04-13 00:00:00,0.004732490870430946,37150844.1134957,1657294.3479670365
2024-04-14 00:00:00,0.004342898536337753,34257211.97574297,1848269.518686421
2024-04-15 00:00:00,0.004438328178207267,34917622.336376704,1880697.5930603142
2024-04-16 00:00:00,0.004291922336360477,33711461.409947485,1407355.9623110986
2024-04-17 00:00:00,0.0041749368372898535,32873745.25777282,1400710.1421228582
2024-04-18 00:00:00,0.004104799326782826,32283999.094948042,1387837.6143731885
2024-04-19 00:00:00,0.004204092620799193,33133563.63285316,1238485.6076836735
2024-04-20 00:00:00,0.004201120801404143,32977811.763647884,1306593.247258557
2024-04-21 00:00:00,0.004324876307653481,34035657.95974562,1153267.9018505644
2024-04-22 00:00:00,0.004353168593904503,34255176.37850338,961132.2615340166
2024-04-23 00:00:00,0.004502220827543409,35449963.590035655,1126423.836914812
2024-04-24 00:00:00,0.00450874006299208,35447626.197241336,1102923.7354860741
2024-04-25 00:00:00,0.004461334307078372,35135629.84927818,1227517.7640049541
2024-04-26 00:00:00,0.004468231075545053,35119410.751508355,1478226.9123793181
2024-04-27 00:00:00,0.004372488339277217,34403051.68736034,1022553.8760298986
2024-04-28 00:00:00,0.004268926970431532,33515206.990682933,1045847.6399302299
2024-04-29 00:00:00,0.004288728224702383,33793749.42187971,980624.5800646085
2024-04-30 00:00:00,0.004173811925173207,33018292.399224233,1045796.3570971615
2024-05-01 00:00:00,0.004039270792649401,31809639.693816256,1196912.9028286433
2024-05-02 00:00:00,0.003858635428925858,30403531.095619068,1375584.5997721858
2024-05-03 00:00:00,0.003876520788094499,30446201.34243422,1214111.6477453273
2024-05-04 00:00:00,0.004069801785858805,31834949.7652544,1042726.6030756767
2024-05-05 00:00:00,0.0040758636822398435,32099086.915005308,1060431.5899581816
2024-05-06 00:00:00,0.004078006090328237,32128214.304435354,834719.0090172286
2024-05-07 00:00:00,0.004045659904501256,31850196.906818584,1007658.6570807209
2024-05-08 00:00:00,0.00391770081467622,30951335.76495231,1052186.9851307129
2024-05-09 00:00:00,0.003952225561875279,31109062.00161015,1001098.1328426121
2024-05-10 00:00:00,0.003910494137278005,30787605.082131516,1257014.0226867944
2024-05-11 00:00:00,0.0038258508534291485,30069493.407006666,830598.3601045214
2024-05-12 00:00:00,0.003852766523715614,30235576.512483113,725907.4075288225
2024-05-13 00:00:00,0.00385395891238318,30368618.861673083,708464.6598946148
2024-05-14 00:00:00,0.0037963808647491016,29890823.025321648,834179.3474821621
2024-05-15 00:00:00,0.003602426955140019,28346378.672212716,833556.7722830523
2024-05-16 00:00:00,0.003631736640472718,28613641.579717256,1117481.008355504
2024-05-17 00:00:00,0.0035429021491859007,27810876.665797193,707342.0167806605
2024-05-18 00:00:00,0.0035018863366754528,27568768.043090906,1012611.1685674774
2024-05-19 00:00:00,0.003432362979870485,27022501.2184456,852933.634685131
2024-05-20 00:00:00,0.0034151197527702067,26811050.321006782,811318.4478413559
2024-05-21 00:00:00,0.00352476410146473,27675924.590023737,786096.5166217717
2024-05-22 00:00:00,0.0034800539189275784,27372756.312715255,1495503.8128629099
2024-05-23 00:00:00,0.003465622238439255,27312021.927212384,896822.2128882696
2024-05-24 00:00:00,0.0033619640302308255,26479676.417292614,911985.7378108326
2024-05-25 00:00:00,0.003367463273104268,26496809.40888144,1047240.7079575189
2024-05-26 00:00:00,0.003369542323382806,26445312.128468506,686667.2326571719
2024-05-27 00:00:00,0.0033468161908000735,26343498.1181231,609801.4938668966
2024-05-28 00:00:00,0.003369247328759134,26457013.225344166,736974.5654583761
2024-05-29 00:00:00,0.0033434047046934207,26305090.98908321,809897.4443068925
2024-05-30 00:00:00,0.0033032501606349053,25988811.901932627,830907.6006396505
2024-05-31 00:00:00,0.0032860365246227398,25822552.681718227,775891.7481799872
2024-06-01 00:00:00,0.0032570233259376644,25590222.39859605,871023.5905515874
2024-06-02 00:00:00,0.0032322789814604107,25408529.778994482,1014302.0020963688
2024-06-03 00:00:00,0.0031174966502538377,24537332.959975027,1073476.4042469112
2024-06-04 00:00:00,0.002899717729651275,22776269.68508329,2404102.7963308985
2024-06-05 00:00:00,0.0031194658351038885,24517527.486558706,839246.6012257214
2024-06-06 00:00:00,0.003129499782542633,24564763.293831076,898200.7271574428
2024-06-07 00:00:00,0.0031229678083092727,24562621.479942154,814160.8943558141
2024-06-08 00:00:00,0.0030065623193777924,23618052.241588857,649790.800851832
2024-06-09 00:00:00,0.003012269959228788,23675611.633652646,953807.3195199805
2024-06-10 00:00:00,0.0029467528731961733,23202683.29493967,563239.8006148763
2024-06-11 00:00:00,0.002689534128953186,21135677.602430355,633484.782005958
2024-06-12 00:00:00,0.0026015125434321966,20522812.064267453,689895.6411956553
2024-06-13 00:00:00,0.002655036365955556,20897283.847835086,742044.7819969271
2024-06-14 00:00:00,0.002572041605947145,20175617.98554233,799762.7601155038
2024-06-15 00:00:00,0.002560716779838537,20161508.812356383,826246.167382708
2024-06-16 00:00:00,0.0025896128729133573,20355075.306072544,651444.7730822099
2024-06-17 00:00:00,0.0025898556634956593,20388018.592007164,587756.6111331794
2024-06-18 00:00:00,0.0025520076112211685,20071040.628265746,877333.147995756
2024-06-19 00:00:00,0.0024652910540838803,19375884.970086664,1078699.6863150909
2024-06-20 00:00:00,0.0025299521779290064,19869879.53496037,777616.8586625624
2024-06-21 00:00:00,0.0024831520629666082,19570146.846725866,772285.0946513987
2024-06-22 00:00:00,0.002462726905449873,19370665.705331877,835245.8629537906
2024-06-23 00:00:00,0.0024756758285111487,19458732.869248785,559791.2459048497
2024-06-24 00:00:00,0.002440871384208238,19189199.683946658,557694.8291486454
2024-06-25 00:00:00,0.0023811210069930337,18705330.495390065,1106096.1459972635
2024-06-26 00:00:00,0.0024330465232012357,19137960.464818094,955363.7697969378
2024-06-27 00:00:00,0.0024058095106094532,18922091.924270757,749365.2769473506
2024-06-28 00:00:00,0.0024357365682505425,19156934.312705394,745874.2544553998
2024-06-29 00:00:00,0.0023757993380272143,18691302.53788409,816033.9305033904
2024-06-30 00:00:00,0.002397323053807847,18886271.95631653,647037.3064321623
2024-07-01 00:00:00,0.002436565165167426,19159178.589565173,626385.4467875513
2024-07-02 00:00:00,0.0024328654680343203,19134044.086696766,727717.824811228
2024-07-03 00:00:00,0.0024317744144963264,19133844.477938347,696231.9769928819
2024-07-04 00:00:00,0.0023220702276053836,18246870.946530122,823429.7930845659
2024-07-05 00:00:00,0.0021717212401956175,17150247.818305094,966231.7191719579
2024-07-06 00:00:00,0.0020862674642126867,16401834.714842174,1378347.4420756774
2024-07-07 00:00:00,0.0022206519222014052,17476082.440054346,695631.6295796654
2024-07-08 00:00:00,0.002093367504766249,16462795.871939413,634914.6118896195
2024-07-09 00:00:00,0.002140780125505512,16825706.05314162,962007.917696339
2024-07-10 00:00:00,0.0021737470413676183,17083904.58167379,780245.1479832501
2024-07-11 00:00:00,0.0022077764057737196,17348418.400169663,733196.4471007424
2024-07-12 00:00:00,0.0022093759262728323,17408310.593530945,796143.2953182098
2024-07-13 00:00:00,0.002228017643754387,17519792.831888214,784157.8335230738
2024-07-14 00:00:00,0.0022115802710990927,17387745.06354185,646187.8111454408
2024-07-15 00:00:00,0.002285403302963813,17996828.885252547,712657.1831901582
2024-07-16 00:00:00,0.0024641333091063003,19345998.01758229,953429.3460194996
2024-07-17 00:00:00,0.0024124699717946777,18970927.358422734,1075072.7236256509
2024-07-18 00:00:00,0.0023879526532758107,18836211.58151629,879728.1704551188
2024-07-19 00:00:00,0.002388585106635566,18791392.39265218,797146.2586760987
2024-07-20 00:00:00,0.0025033501271995735,19690424.885098018,998162.8599619851
2024-07-21 00:00:00,0.002508107057309188,19731890.048701316,692643.7090567753
2024-07-22 00:00:00,0.0025313816632130666,19911434.357434418,1060374.257596255
2024-07-23 00:00:00,0.0025063765327407246,19460344.78204162,793843.7429468967
2024-07-24 00:00:00,0.0024482054960566105,19260967.815182295,951486.3221581851
2024-07-25 00:00:00,0.0024157319803538454,18997191.66927845,795530.2840021859
2024-07-26 00:00:00,0.002378597578637483,18709777.520185824,908654.6416934794
2024-07-27 00:00:00,0.002405640033076297,18921520.293928403,789667.3252692645
2024-07-28 00:00:00,0.00241803367847384,19010265.764915872,766227.4957152954
2024-07-29 00:00:00,0.0024130544310386566,18981600.673737638,553339.2594229606
2024-07-30 00:00:00,0.002406324934668631,18988551.215444665,853179.5045574646
2024-07-31 00:00:00,0.0024061785917658795,18895605.674810577,736193.6831974091
2024-08-01 00:00:00,0.0024038888717634126,18909502.43016869,727665.3494982623
2024-08-02 00:00:00,0.002366864704469723,18616731.2768676,921227.4216259723
2024-08-03 00:00:00,0.002260073304146532,17778218.510478765,927886.6606703848
2024-08-04 00:00:00,0.0021738473416833873,17099946.70436803,766019.6749807061
2024-08-05 00:00:00,0.002049975529896353,16128493.739940159,794585.0246260418
2024-08-06 00:00:00,0.0019177313986077924,15103468.762861354,2649661.1586973118
2024-08-07 00:00:00,0.001999634966582005,15733303.547409505,1226389.3499911302
2024-08-08 00:00:00,0.0019398221708090005,15271232.705835497,947801.9748428797
2024-08-09 00:00:00,0.0021081628508022436,16521635.587231431,1076082.7112612727
2024-08-10 00:00:00,0.0020676876630937725,16277406.668554729,865444.7267805608
2024-08-11 00:00:00,0.0021304365416476784,16744166.260098973,255024.8955872922
2024-08-12 00:00:00,0.002058581225913623,16109223.287688827,621446.5495738754
2024-08-13 00:00:00,0.0020972634546604254,16489121.44887376,855484.892008667
2024-08-14 00:00:00,0.0021299779574400907,16754860.77393977,776531.8967426773
2024-08-15 00:00:00,0.002118893618904678,16669543.833045023,784794.8974160806
2024-08-16 00:00:00,0.00209032936460423,16432384.555307081,854188.6978645348
2024-08-17 00:00:00,0.00208332194264222,16368367.548338607,766306.7267053975
2024-08-18 00:00:00,0.002167204445142305,17070163.63451977,541751.1971577245
2024-08-19 00:00:00,0.0021386014467531943,16829147.10715175,572762.6779168848
2024-08-20 00:00:00,0.0022189561610616066,17477671.8718951,715219.5253222216
2024-08-21 00:00:00,0.00227146505963561,17860552.420662984,802746.1605970612
2024-08-22 00:00:00,0.0022550146341692935,17744160.087989733,845490.5784292215
2024-08-23 00:00:00,0.0023062882238479524,18139071.98769742,759141.5472217528
2024-08-24 00:00:00,0.0023412603768021263,18457822.25473708,906931.4243104063
2024-08-25 00:00:00,0.0022892925175491655,18015690.124727383,658580.1364820261
2024-08-26 00:00:00,0.0022550716619982136,17761092.707519375,623023.1370932726
2024-08-27 00:00:00,0.002160449769549416,17006005.6195843,679472.0482714182
2024-08-28 00:00:00,0.0020820514821464284,16392376.4217927,848434.0602415184
2024-08-29 00:00:00,0.002109378513914901,16592821.15889136,902525.6522330433
2024-08-30 00:00:00,0.0020878497068693713,16426698.41329073,772181.3681884448
2024-08-31 00:00:00,0.0020940125812317083,16461079.502040206,772955.5682244302
2024-09-01 00:00:00,0.002080909231179404,16368869.493629983,571066.6390766106
2024-09-02 00:00:00,0.0019967032269159494,15706493.326372348,633502.93030463
2024-09-03 00:00:00,0.0020425728309346027,16067313.412046833,706949.6166894406
2024-09-04 00:00:00,0.002031650515272302,15981396.148156075,677080.638978541
2024-09-05 00:00:00,0.001980929245411124,15586812.462915482,836253.3028702729
2024-09-06 00:00:00,0.001949389072222146,15320802.87308759,753815.8126501502
2024-09-07 00:00:00,0.0018761664476269653,14779056.111846758,946015.7577255993
2024-09-08 00:00:00,0.0019087548213834245,15015909.43858142,839248.2704537847
2024-09-09 00:00:00,0.001949712543317193,15333019.327911414,609542.2383076819
2024-09-10 00:00:00,0.0020180764976442623,15887624.017054,802957.4240274008
2024-09-11 00:00:00,0.0020112519672202795,15823252.40070354,774204.0854864653
2024-09-12 00:00:00,0.00206286882096659,16252712.504913876,783836.9384632544
2024-09-13 00:00:00,0.0020873493710936546,16425574.72554137,724509.600092119
2024-09-14 00:00:00,0.0021356923207249668,16806283.926250633,713327.3625285522
2024-09-15 00:00:00,0.002128373758897855,16742714.997601785,549751.3234502152
2024-09-16 00:00:00,0.002145092157665126,16876751.05421631,568248.0971533805
2024-09-17 00:00:00,0.0020462741876031104,16105802.763161931,667842.7420549496
2024-09-18 00:00:00,0.0020766488865038785,16365830.271557119,735972.2050904526
2024-09-19 00:00:00,0.0021143509296171837,16631935.241039906,758571.1361019493
2024-09-20 00:00:00,0.0021437747305668676,16863389.133147113,861113.4193144364
2024-09-21 00:00:00,0.00214119257555241,16828310.058403976,780599.8241513484
2024-09-22 00:00:00,0.002192303638541572,17253745.90131286,589933.493227614
2024-09-23 00:00:00,0.002185358578183731,17191982.96403086,638755.4536077905
2024-09-24 00:00:00,0.0022476626820158363,17680593.910566147,702741.2434031074
2024-09-25 00:00:00,0.0022645814337868136,17811543.684087936,749656.6240759513
2024-09-26 00:00:00,0.0021612023664453043,16997207.61120607,836755.7348169227
2024-09-27 00:00:00,0.002163116402648273,17017788.13535243,790647.1828065913
2024-09-28 00:00:00,0.002206062773812953,17344871.305759687,777761.0135159359
2024-09-29 00:00:00,0.0021657588695715617,17039177.35166446,566876.5662434303
2024-09-30 00:00:00,0.0021618084126417505,17009949.58975739,561600.3771760071
2024-10-01 00:00:00,0.0020474562949687517,16085378.634243583,807702.7785652067
2024-10-02 00:00:00,0.001956578467634271,15390863.414333096,866338.0327996687
2024-10-03 00:00:00,0.0019311633570376705,15176041.238701077,802909.1130709065
2024-10-04 00:00:00,0.0019369315377327462,15220923.840171082,743297.4782901218
2024-10-05 00:00:00,0.001983648549967626,15596663.963743461,762283.6063234209
2024-10-06 00:00:00,0.002008238520296516,15806760.445708118,529108.2665765629
2024-10-07 00:00:00,0.002022521265185254,15912119.661887867,609874.9391722311
2024-10-08 00:00:00,0.002014195721918313,15869029.599532263,748785.7897399243
2024-10-09 00:00:00,0.0020603707531628205,16229673.461752504,750855.9661061794
2024-10-10 00:00:00,0.002015974068644057,15859277.299728796,652503.1207101597
2024-10-11 00:00:00,0.0019814828799410568,15559211.053794635,708591.1111254673
2024-10-12 00:00:00,0.002025208413742557,15930721.203917598,724025.1826954184
2024-10-13 00:00:00,0.0020246377579727377,15930624.195182191,598117.1604003945
2024-10-14 00:00:00,0.001992494680334545,15667358.33466454,653968.3041381142
2024-10-15 00:00:00,0.002063256105515181,16210554.08420902,909490.775923137
2024-10-16 00:00:00,0.0020657300610179446,16238191.676151855,961988.1209179669
2024-10-17 00:00:00,0.0020905113087375696,16455901.217229841,877835.4924883068
2024-10-18 00:00:00,0.002053894525227494,16130442.337359568,760981.3402528133
2024-10-19 00:00:00,0.0020725379159915094,16303025.160355778,817592.5552791907
2024-10-20 00:00:00,0.0020471519495540804,16113455.81547473,622087.2168907619
2024-10-21 00:00:00,0.002078012657748878,16341523.758907115,690391.2089401521
2024-10-22 00:00:00,0.002068448390661945,16265797.125261988,1154269.386395895
2024-10-23 00:00:00,0.002057365275473109,16173874.902519228,936034.8124879845
2024-10-24 00:00:00,0.002021813595588582,15904016.840464441,1023407.0485052353
2024-10-25 00:00:00,0.002028687108781555,15950858.587813038,1003612.082461232
2024-10-26 00:00:00,0.0019407599705004123,15272342.734361833,978814.4457971381
2024-10-27 00:00:00,0.0019685931941821905,15485373.815177476,776346.3035859639
2024-10-28 00:00:00,0.0019796892139817886,15564158.873436013,707261.7081267987
2024-10-29 00:00:00,0.00200009495328125,15731406.831328087,995879.318370067
2024-10-30 00:00:00,0.0020004781523026,15729998.073454402,1278673.6806648101
2024-10-31 00:00:00,0.0019453453476223819,15275922.007962748,973672.6469218476
2024-11-01 00:00:00,0.0018304318621773978,14402784.045129454,1178786.1818867868
2024-11-02 00:00:00,0.0018099997948357082,14245667.420568412,1005541.4821637132
2024-11-03 00:00:00,0.001800821937377249,14164619.523087073,731474.5283297884
2024-11-04 00:00:00,0.0017784889210843294,13998669.935800523,1053691.9426931283
2024-11-05 00:00:00,0.001741730257219741,13703501.896921648,928865.3554850372
2024-11-06 00:00:00,0.0017842433859181768,16659444.640052686,1006212.5117223739
2024-11-07 00:00:00,0.0018785334440745408,17588129.729996275,1903870.5241688916
2024-11-08 00:00:00,0.0018876574593140992,17684579.330404703,1300760.6783552961
2024-11-09 00:00:00,0.0018324644751913622,17161542.281701736,1209777.3888153168
2024-11-10 00:00:00,0.0019178589200632677,17960393.441732507,954109.0567071472
2024-11-11 00:00:00,0.0019267321036413366,18047957.164015166,1717820.4824502186
2024-11-12 00:00:00,0.0019851217551676422,18598661.124919213,2269566.188488978
2024-11-13 00:00:00,0.0018846961195252674,17632233.685342908,2336443.0735215456
2024-11-14 00:00:00,0.00181374715780471,16983992.968197905,2266922.4777788394
2024-11-15 00:00:00,0.0018099233244142838,16923075.790171836,1852745.56981094
2024-11-16 00:00:00,0.001803527193871403,16890930.8090891,1615570.156741916
2024-11-17 00:00:00,0.001828529742668021,17128537.057440713,1235157.3191254442
2024-11-18 00:00:00,0.0017866337144650912,16728485.63746378,1373986.328439757
2024-11-19 00:00:00,0.0017884567869666948,16753274.751561312,1658198.0867478622
2024-11-20 00:00:00,0.0017568319937405332,16459891.95319988,904313.7282936116
2024-11-21 00:00:00,0.0017487646077508905,16379495.71296024,514690.25198501075
2024-11-22 00:00:00,0.0017798575079343512,16667598.128183292,511803.8618715683
2024-11-23 00:00:00,0.0018062054609974522,16850385.175630532,555909.7244449594
2024-11-24 00:00:00,0.001871534855043096,17521007.789058786,551746.043666966
2024-11-25 00:00:00,0.0018936213310859623,17824175.998644203,553294.5380904676
2024-11-26 00:00:00,0.0018091931778938823,17045980.8376401,539592.1990633262
2024-11-27 00:00:00,0.0017372456884364874,16272784.53096334,527776.0231205185
2024-11-28 00:00:00,0.001836064033751754,17192823.61666942,499979.53222180484
2024-11-29 00:00:00,0.0018714724949218386,17487729.902866315,533262.1548546478
2024-11-30 00:00:00,0.001846518753432092,17299310.796474557,509533.52569770016
2024-12-01 00:00:00,0.0018497457877124628,17322079.278666724,464857.47913340817
2024-12-02 00:00:00,0.0018280543566198122,17114778.208782747,600466.7651645518
2024-12-03 00:00:00,0.0017572063521122752,16458476.170478519,683313.6656818201
2024-12-04 00:00:00,0.0020103402015292575,18846435.199940912,635432.7133406684
2024-12-05 00:00:00,0.0020154257307576063,18896491.40166934,803398.2946248795
2024-12-06 00:00:00,0.0019525500923030122,18279845.392892316,716271.9362301396
2024-12-07 00:00:00,0.001995355929475612,18579143.34601497,540473.8284047798
2024-12-08 00:00:00,0.0020417648722671168,19123160.44761614,454342.69153211283
2024-12-09 00:00:00,0.0020199275155054785,18980542.658404015,328244.8184347404
2024-12-10 00:00:00,0.0018399415731366012,17227791.258191884,398608.7793852006
2024-12-11 00:00:00,0.0018162281165057417,17011179.8011562,409235.29092331475
2024-12-12 00:00:00,0.0018557272922302835,17381137.503132746,352969.20815755485
2024-12-13 00:00:00,0.0018432265895164924,17259535.471651062,196302.18812137126
2024-12-14 00:00:00,0.0018948791093330345,17684415.086451948,162944.70122260312
2024-12-15 00:00:00,0.0018474662070427862,17275309.91601071,181376.82602068744
2024-12-16 00:00:00,0.0018485385377471726,17396635.076089654,111071.19776028172
2024-12-17 00:00:00,0.0018419866105719338,17277762.422966793,152028.3660324366
2024-12-18 00:00:00,0.0018289198868747054,17124705.479477685,127026.9805321164
2024-12-19 00:00:00,0.0017273620828925703,16220935.307056028,145218.64614266806
2024-12-20 00:00:00,0.0016559691422019876,15523126.466315167,232554.95644192386
2024-12-21 00:00:00,0.0016414030648198206,15388826.648655973,242645.80270389307
2024-12-22 00:00:00,0.0015928327065525627,14891282.878135726,109873.7480342672
2024-12-23 00:00:00,0.001559573592303227,14594536.885462096,85817.19943287692
2024-12-24 00:00:00,0.0016681251962238231,15570162.084943468,101556.31174263783
2024-12-25 00:00:00,0.0016724872928237705,15649982.550754856,86929.35769831749
2024-12-26 00:00:00,0.0016814455417572388,15734992.82660649,98480.22188624079
2024-12-27 00:00:00,0.0016507818577274087,15473461.938183062,126021.3136745922
2024-12-28 00:00:00,0.0016569585047629786,15516924.917647675,127282.38096884037
2024-12-29 00:00:00,0.001718284007234757,16069451.473919507,123475.90333665536
2024-12-30 00:00:00,0.0016648312687834814,15599498.538197607,106359.63009121823
2024-12-31 00:00:00,0.001673128204520042,15667284.659813054,112619.48642429024
2025-01-01 00:00:00,0.0016649949022452724,15596595.232837303,105475.63938245675
2025-01-02 00:00:00,0.0016748087131947718,15753995.381541764,82101.36470949052
2025-01-03 00:00:00,0.0016813403706096035,15727842.677332608,102399.47200295712
2025-01-04 00:00:00,0.0016795182653297212,15739937.745453453,112554.7625182745
2025-01-05 00:00:00,0.001671680426914907,15678527.34319856,89954.24069737972
2025-01-06 00:00:00,0.0016493074286588554,15462201.943877881,113672.5605405354
2025-01-07 00:00:00,0.0017105358739107693,16039576.824171552,148799.83355293825
2025-01-08 00:00:00,0.0016170326232732518,15162321.201807259,110470.89575332742
2025-01-09 00:00:00,0.0016021594024114025,15018935.593618318,141687.48365700152
2025-01-10 00:00:00,0.0015753165219758438,14782453.341809524,121444.1578623893
2025-01-11 00:00:00,0.0015505872374044075,14533945.702381132,146568.24491125363
2025-01-12 00:00:00,0.0015549516133028408,14573968.076887108,63049.62000030372
2025-01-13 00:00:00,0.0015381539864868438,14387784.643282782,69673.41016194611
2025-01-14 00:00:00,0.0015277596851013546,14290061.57898692,98504.89643440788
2025-01-15 00:00:00,0.0015521925471331471,14543895.484549226,79356.68201975888
2025-01-16 00:00:00,0.0015710140890900642,14714452.935062373,93336.39016041251
2025-01-17 00:00:00,0.0015562512220792344,14557620.856968964,94225.87158989612
2025-01-18 00:00:00,0.001584331204899045,14845584.343347508,92129.50898658966
2025-01-19 00:00:00,0.0015464114632913366,14505329.638117146,95776.07000279125
2025-01-20 00:00:00,0.001479435574571238,13873138.503803084,146428.1241033502
2025-01-21 00:00:00,0.0014609012364450833,13617334.651351223,154506.16108292385
2025-01-22 00:00:00,0.0014725180163920658,13797780.298051026,103171.42722614894
2025-01-23 00:00:00,0.0014768071099323984,13831889.444646584,87359.62935151886
2025-01-24 00:00:00,0.001462281098618789,13694140.350559201,99491.33063333645
2025-01-25 00:00:00,0.0014342771420275107,13429892.60615785,108530.32517250453
2025-01-26 00:00:00,0.001441001036667204,13490440.437602166,83507.28582126947
2025-01-27 00:00:00,0.0014090563750868898,13189064.234348452,87847.46292445324
2025-01-28 00:00:00,0.0014290291808283112,13370141.208568025,104390.09378604787
2025-01-29 00:00:00,0.001391601300017,13030455.047494208,81784.70857732385
2025-01-30 00:00:00,0.0013962784942454076,13066761.665580248,74816.18317049375
2025-01-31 00:00:00,0.0014047568296260036,13157257.182577278,87711.08099727439
2025-02-01 00:00:00,0.0014082620074592552,13211830.049843883,65303.982178127684
2025-02-02 00:00:00,0.0013562444252448297,12725055.63923029,67500.36789138561
2025-02-03 00:00:00,0.0012668859654726488,11847087.895627627,129408.04973483374
2025-02-04 00:00:00,0.001265909065237419,11860285.17134132,824962.9614527465
2025-02-05 00:00:00,0.0011752076147553262,10997952.830943987,105878.30554258017
2025-02-06 00:00:00,0.001163235274445478,10890892.659036588,85930.14419429614
2025-02-07 00:00:00,0.001175883802027964,11009523.86767197,86488.32386611396
2025-02-08 00:00:00,0.0011756997405877657,11029761.319321683,93208.10417503022
2025-02-09 00:00:00,0.0012576183112391224,11788381.287430922,81535.36907054098
2025-02-10 00:00:00,0.0012513217688718417,11730091.347319404,82549.21595535484
2025-02-11 00:00:00,0.0012497493246167823,11709004.109536793,125289.08093500663
2025-02-12 00:00:00,0.0013058016123266452,12243963.883698137,85532.76658885568
2025-02-13 00:00:00,0.001425824539656907,13339356.02306241,69104.48216281483
2025-02-14 00:00:00,0.0013633160709531154,12763944.74327083,109079.24949459793
2025-02-15 00:00:00,0.0013432101762204322,12498132.100852028,61454.17268727783
2025-02-16 00:00:00,0.0013461704170330913,12562937.800944403,51041.450431129284
2025-02-17 00:00:00,0.0013719448895082183,12874813.482204935,51764.79755482057
2025-02-18 00:00:00,0.0013532113314863577,12633178.978505976,60447.51838546152
2025-02-19 00:00:00,0.001318017755910354,12320910.689671315,36997.807335918114
2025-02-20 00:00:00,0.0013223852915541072,12445036.443857068,51513.94966910041
2025-02-21 00:00:00,0.0013233289379913362,12408887.308945423,55694.82193276603
2025-02-22 00:00:00,0.0013012622497031007,12192839.291791912,72608.21865109341
2025-02-23 00:00:00,0.0013571666186580234,12715511.475746231,148663.27633308806
2025-02-24 00:00:00,0.0013100150508020116,12260365.473268243,175338.30394290757
2025-02-25 00:00:00,0.0012002304310317006,11245572.534687301,160598.14470191087
2025-02-26 00:00:00,0.001217262336029996,11428267.245468803,79878.64016507089
2025-02-27 00:00:00,0.0011949017356555301,11195110.728198638,84852.33766737288
2025-02-28 00:00:00,0.0011808944970015127,11030513.094051046,74818.40906642233
2025-03-01 00:00:00,0.00113162104368001,10588513.10322408,242676.28295155425
2025-03-02 00:00:00,0.001156901694475712,10859624.276436064,58102.166189828786
2025-03-03 00:00:00,0.0011691934134657593,10943139.982906096,252594.86194833848
2025-03-04 00:00:00,0.001075443068238149,10095129.636418894,61351.904416232064
2025-03-05 00:00:00,0.001090170027703136,10238529.392901447,60638.66840929356
2025-03-06 00:00:00,0.001115749608641954,10398891.497819042,42684.59735024556
2025-03-07 00:00:00,0.0011123567053608278,10466488.330555111,40428.9796391343
2025-03-08 00:00:00,0.001105886352365194,10357844.169946468,48900.493095627004
2025-03-09 00:00:00,0.0011070273345425603,10399838.812391698,34318.867145176315
2025-03-10 00:00:00,0.0010331830837081945,9640592.03220837,42843.73096176281
2025-03-11 00:00:00,0.0009867696254196431,9215776.189704316,42041.27642192353
2025-03-12 00:00:00,0.001023074771199463,9559696.519000547,39832.45006760644
2025-03-13 00:00:00,0.001050985622505583,9823078.688827474,48244.96665104822
2025-03-14 00:00:00,0.0010583182881094806,9919624.943870794,126385.57725468087
2025-03-15 00:00:00,0.0010771329925504318,10121620.138400605,49458.96030224188
2025-03-16 00:00:00,0.0011319638046094628,10604787.693446985,45345.657442732074
2025-03-17 00:00:00,0.001102702073675705,10302753.074743351,49201.89642084943
2025-03-18 00:00:00,0.0011521028533715606,10811178.804087952,61365.79564643379
2025-03-19 00:00:00,0.0011509995811189565,10751648.758898662,90737.7976776734
2025-03-20 00:00:00,0.0011265346295240796,10551363.54343649,45057.28183730276
2025-03-21 00:00:00,0.001152691245834721,10778082.278761081,58326.31265738242
2025-03-22 00:00:00,0.001155349005704973,10803392.764751816,44284.134259444036
2025-03-23 00:00:00,0.0011354034210847288,10635549.623169897,48532.52045662219
2025-03-24 00:00:00,0.0011331294652327777,10613132.180856101,49236.26750349791
2025-03-25 00:00:00,0.0011529325856319932,10760081.761038963,41997.99826290302
2025-03-26 00:00:00,0.0011640902250832292,10908918.34540168,93060.92341297817
2025-03-27 00:00:00,0.0011230358031193732,10517741.35443972,151757.5659545879
2025-03-28 00:00:00,0.0011642244535420634,10892555.399873583,45389.85053801861
2025-03-29 00:00:00,0.0011255441213079192,10531497.25431392,92957.64830735166
2025-03-30 00:00:00,0.0010948172938655405,10243477.778606603,78518.59302054545
2025-03-31 00:00:00,0.0010853467750014353,10186769.355065582,52710.86923449523
2025-04-01 00:00:00,0.001090711148718354,10226029.397852305,54447.78510596567
2025-04-02 00:00:00,0.001101500780856718,10312696.028160656,91410.72125720014
2025-04-02 02:58:33,0.0010896400944601834,10215585.015180934,91001.04535691306
